proposal_id,proposal_title,country,Investigators,observation_band,total_hrs_requested,reviewer1,reviewer1_score,reviewer2,reviewer2_score,reviewer3,reviewer3_score,total_hrs_recommended
prop-001,The origin of ORCs: a new class of astronomical objects?,Canada,"{""pi"": {""pi_fullname"": ""Alys Wright"", ""pi_country"": ""Canada""}, ""tech_lead"": {""tech_lead_fullname"": ""Ida Mullins"", ""tech_lead_country"": ""Portugal""}, ""co_pis"": [{""co_pi_fullname"": ""Bailey David"", ""co_pi_country"": ""Canada"", ""is_student"": false}, {""co_pi_fullname"": ""Silas Stein"", ""co_pi_country"": ""Canada"", ""is_student"": false}, {""co_pi_fullname"": ""Howard Koch"", ""co_pi_country"": ""Canada"", ""is_student"": false}, {""co_pi_fullname"": ""Kabir Charles"", ""co_pi_country"": ""Canada"", ""is_student"": false}, {""co_pi_fullname"": ""Duncan Holder"", ""co_pi_country"": ""Canada"", ""is_student"": false}, {""co_pi_fullname"": ""Imran Rubio"", ""co_pi_country"": ""Canada"", ""is_student"": false}]}",UHF,64.00,P. Fuentes,9.6,D. Piraino,4.6,P. Roosevelt,9.4,64.00
prop-002,Characterising large-scale overdense structures at z = 2.2 by identifying their radio members,Sweden,"{""pi"": {""pi_fullname"": ""Maia Mccoy"", ""pi_country"": ""Sweden""}, ""tech_lead"": {""tech_lead_fullname"": ""Keane Randall"", ""tech_lead_country"": ""Ghana""}, ""co_pis"": [{""co_pi_fullname"": ""Asa Chen"", ""co_pi_country"": ""Sweden"", ""is_student"": false}, {""co_pi_fullname"": ""Imran Rubio"", ""co_pi_country"": ""Sweden"", ""is_student"": false}, {""co_pi_fullname"": ""Abel Contreras"", ""co_pi_country"": ""Sweden"", ""is_student"": false}, {""co_pi_fullname"": ""Seth Curtis"", ""co_pi_country"": ""Sweden"", ""is_student"": false}, {""co_pi_fullname"": ""Maisy Dejesus"", ""co_pi_country"": ""Sweden"", ""is_student"": false}]}",S-Band,22.00,A. Li,9.2,C. Maas,8.1,K. Angioli,4.9,22.00
prop-003,A MeerKAT Atlas of IRAS RBGS Galaxies in the Southern Hemisphere,China,"{""pi"": {""pi_fullname"": ""Kabir Charles"", ""pi_country"": ""China""}, ""tech_lead"": {""tech_lead_fullname"": ""Tilly Yoder"", ""tech_lead_country"": ""Australia""}, ""co_pis"": [{""co_pi_fullname"": ""Maariyah Harding"", ""co_pi_country"": ""China"", ""is_student"": false}, {""co_pi_fullname"": ""Kieran Crane"", ""co_pi_country"": ""China"", ""is_student"": false}, {""co_pi_fullname"": ""Tamsin Pugh"", ""co_pi_country"": ""China"", ""is_student"": false}, {""co_pi_fullname"": ""Maisy Dejesus"", ""co_pi_country"": ""China"", ""is_student"": false}, {""co_pi_fullname"": ""Wayne Palmer"", ""co_pi_country"": ""China"", ""is_student"": false}]}",L-Band,82.00,D. Piraino,8.5,K. Angioli,7,N. Katou,5.1,82.00
prop-004,The JO135 jellyfish galaxy: A MeerKAT perspective,Italy,"{""pi"": {""pi_fullname"": ""Duncan Holder"", ""pi_country"": ""Italy""}, ""tech_lead"": {""tech_lead_fullname"": ""Connie Gallagher"", ""tech_lead_country"": ""Sweden""}, ""co_pis"": [{""co_pi_fullname"": ""Amina Edwards"", ""co_pi_country"": ""Italy"", ""is_student"": false}]}",X-Band,11.66,P. Roosevelt,9.3,A. Li,7.6,N. Katou,9.8,8.75
prop-005,RESOLVING HI EMISSION AT KPC SCALES OF ULTRA DIFFUSE GALAXIES,South Africa,"{""pi"": {""pi_fullname"": ""Maximillian Walker"", ""pi_country"": ""South Africa""}, ""tech_lead"": {""tech_lead_fullname"": ""Wiktor Church"", ""tech_lead_country"": ""Portugal""}, ""co_pis"": []}",L-Band,48.00,N. Katou,9.5,A. Li,5.5,P. Fuentes,6.9,43.00
prop-006,From Galaxy Disk to CGM -- Deep Magnetized Halos,Canada,"{""pi"": {""pi_fullname"": ""Emilio Garza"", ""pi_country"": ""Canada""}, ""tech_lead"": {""tech_lead_fullname"": ""Silas Stein"", ""tech_lead_country"": ""Spain""}, ""co_pis"": [{""co_pi_fullname"": ""Kylie Logan"", ""co_pi_country"": ""Canada"", ""is_student"": false}, {""co_pi_fullname"": ""Marshall Lester"", ""co_pi_country"": ""Canada"", ""is_student"": false}, {""co_pi_fullname"": ""Stuart Farrell"", ""co_pi_country"": ""Canada"", ""is_student"": false}, {""co_pi_fullname"": ""Tilly Yoder"", ""co_pi_country"": ""Canada"", ""is_student"": false}, {""co_pi_fullname"": ""Ayah Escobar"", ""co_pi_country"": ""Canada"", ""is_student"": false}, {""co_pi_fullname"": ""Adelaide Villarreal"", ""co_pi_country"": ""Canada"", ""is_student"": false}]}",UHF,36.00,P. Norton,6.9,A. Li,6.4,C. Maas,9.4,29.25
prop-007,Radio galaxy harassment caught in the act,Germany,"{""pi"": {""pi_fullname"": ""Naomi Keith"", ""pi_country"": ""Germany""}, ""tech_lead"": {""tech_lead_fullname"": ""Herbie Lin"", ""tech_lead_country"": ""Spain""}, ""co_pis"": [{""co_pi_fullname"": ""Marshall Lester"", ""co_pi_country"": ""Germany"", ""is_student"": false}, {""co_pi_fullname"": ""Abraham Beasley"", ""co_pi_country"": ""Germany"", ""is_student"": false}, {""co_pi_fullname"": ""Mike Matthews"", ""co_pi_country"": ""Germany"", ""is_student"": false}, {""co_pi_fullname"": ""Arron Simpson"", ""co_pi_country"": ""Germany"", ""is_student"": false}, {""co_pi_fullname"": ""Naomi Keith"", ""co_pi_country"": ""Germany"", ""is_student"": false}, {""co_pi_fullname"": ""Howard Koch"", ""co_pi_country"": ""Germany"", ""is_student"": false}, {""co_pi_fullname"": ""Bertha Lopez"", ""co_pi_country"": ""Germany"", ""is_student"": false}]}",X-Band,4.50,P. Roosevelt,5.1,D. Piraino,7.8,A. Li,8.6,4.50
prop-008,Revealing the nature of IGR J11014-6103 jets with MeerKAT,France,"{""pi"": {""pi_fullname"": ""Rex Harmon"", ""pi_country"": ""France""}, ""tech_lead"": {""tech_lead_fullname"": ""Harvey Richards"", ""tech_lead_country"": ""China""}, ""co_pis"": [{""co_pi_fullname"": ""Olivia Moreno"", ""co_pi_country"": ""France"", ""is_student"": false}, {""co_pi_fullname"": ""Amanda Bush"", ""co_pi_country"": ""France"", ""is_student"": false}, {""co_pi_fullname"": ""Gregory Leach"", ""co_pi_country"": ""France"", ""is_student"": false}, {""co_pi_fullname"": ""Arron Simpson"", ""co_pi_country"": ""France"", ""is_student"": false}]}",UHF,2.66,A. Li,5.9,C. Maas,8.7,N. Katou,8.7,2.66
prop-009,Resolving Ultra-Diffuse Galaxies in HI,South Africa,"{""pi"": {""pi_fullname"": ""Maximillian Walker"", ""pi_country"": ""South Africa""}, ""tech_lead"": {""tech_lead_fullname"": ""Gwen Stuart"", ""tech_lead_country"": ""Italy""}, ""co_pis"": [{""co_pi_fullname"": ""Emilio Garza"", ""co_pi_country"": ""South Africa"", ""is_student"": false}, {""co_pi_fullname"": ""Emilio Garza"", ""co_pi_country"": ""South Africa"", ""is_student"": false}, {""co_pi_fullname"": ""Agnes Lambert"", ""co_pi_country"": ""South Africa"", ""is_student"": false}, {""co_pi_fullname"": ""Gregory Leach"", ""co_pi_country"": ""South Africa"", ""is_student"": false}, {""co_pi_fullname"": ""Silas Stein"", ""co_pi_country"": ""South Africa"", ""is_student"": false}]}",S-Band,17.00,D. Piraino,9.7,N. Katou,8.1,P. Norton,4.8,17.00
prop-010,Magnetic field structure in the jellyfish galaxy JO194,Italy,"{""pi"": {""pi_fullname"": ""Laurence Reid"", ""pi_country"": ""Italy""}, ""tech_lead"": {""tech_lead_fullname"": ""Gwen Stuart"", ""tech_lead_country"": ""Italy""}, ""co_pis"": [{""co_pi_fullname"": ""Harri Carlson"", ""co_pi_country"": ""Italy"", ""is_student"": false}, {""co_pi_fullname"": ""Christine Joyce"", ""co_pi_country"": ""Italy"", ""is_student"": false}, {""co_pi_fullname"": ""Effie Fitzpatrick"", ""co_pi_country"": ""Italy"", ""is_student"": false}, {""co_pi_fullname"": ""Nana Shepard"", ""co_pi_country"": ""Italy"", ""is_student"": false}, {""co_pi_fullname"": ""Kylie Logan"", ""co_pi_country"": ""Italy"", ""is_student"": false}, {""co_pi_fullname"": ""Olivia Moreno"", ""co_pi_country"": ""Italy"", ""is_student"": false}]}",S-Band,12.00,K. Angioli,4.9,N. Katou,6,D. Piraino,5.5,12.00
prop-011,Imaging new diffuse cluster radio sources selected at low frequencies,India,"{""pi"": {""pi_fullname"": ""Maisy Dejesus"", ""pi_country"": ""India""}, ""tech_lead"": {""tech_lead_fullname"": ""Abdulrahman Blanchard"", ""tech_lead_country"": ""Sweden""}, ""co_pis"": [{""co_pi_fullname"": ""Cecilia Hutchinson"", ""co_pi_country"": ""India"", ""is_student"": false}]}",L-Band,8.00,K. Angioli,8.9,D. Piraino,4.9,C. Maas,6.7,8.00
prop-012,Mapping HI around AGB stars,Portugal,"{""pi"": {""pi_fullname"": ""Andrew Kane"", ""pi_country"": ""Portugal""}, ""tech_lead"": {""tech_lead_fullname"": ""Janice Mcgowan"", ""tech_lead_country"": ""Netherlands""}, ""co_pis"": [{""co_pi_fullname"": ""Ashwin Barker"", ""co_pi_country"": ""Portugal"", ""is_student"": false}]}",S-Band,31.00,P. Fuentes,8.2,N. Katou,7.5,P. Norton,5.6,24.75
prop-013,A MeerKAT view on galaxies in filaments falling onto the Virgo cluster (VirgoFil),South Africa,"{""pi"": {""pi_fullname"": ""Zoe Sweeney"", ""pi_country"": ""South Africa""}, ""tech_lead"": {""tech_lead_fullname"": ""Maariyah Harding"", ""tech_lead_country"": ""Australia""}, ""co_pis"": [{""co_pi_fullname"": ""Zakir Strong"", ""co_pi_country"": ""South Africa"", ""is_student"": false}, {""co_pi_fullname"": ""Zakir Strong"", ""co_pi_country"": ""South Africa"", ""is_student"": false}, {""co_pi_fullname"": ""Christine Joyce"", ""co_pi_country"": ""South Africa"", ""is_student"": false}, {""co_pi_fullname"": ""Duncan Holder"", ""co_pi_country"": ""South Africa"", ""is_student"": false}, {""co_pi_fullname"": ""Mikey Saunders"", ""co_pi_country"": ""South Africa"", ""is_student"": false}, {""co_pi_fullname"": ""Alys Wright"", ""co_pi_country"": ""South Africa"", ""is_student"": false}, {""co_pi_fullname"": ""Ayah Escobar"", ""co_pi_country"": ""South Africa"", ""is_student"": false}]}",L-Band,22.33,P. Roosevelt,8.1,P. Norton,6.3,P. Fuentes,4.7,22.33
prop-014,MeerKAT HI imaging of two southern DustPedia galaxies,Ghana,"{""pi"": {""pi_fullname"": ""Brandon Vance"", ""pi_country"": ""Ghana""}, ""tech_lead"": {""tech_lead_fullname"": ""Bailey David"", ""tech_lead_country"": ""Canada""}, ""co_pis"": [{""co_pi_fullname"": ""Fatimah Cruz"", ""co_pi_country"": ""Ghana"", ""is_student"": false}, {""co_pi_fullname"": ""Elaine Jimenez"", ""co_pi_country"": ""Ghana"", ""is_student"": false}, {""co_pi_fullname"": ""Olivia Moreno"", ""co_pi_country"": ""Ghana"", ""is_student"": false}, {""co_pi_fullname"": ""Maia Mccoy"", ""co_pi_country"": ""Ghana"", ""is_student"": false}, {""co_pi_fullname"": ""Effie Fitzpatrick"", ""co_pi_country"": ""Ghana"", ""is_student"": false}, {""co_pi_fullname"": ""Mariyah Humphrey"", ""co_pi_country"": ""Ghana"", ""is_student"": false}, {""co_pi_fullname"": ""Zakir Strong"", ""co_pi_country"": ""Ghana"", ""is_student"": false}]}",S-Band,20.00,A. Li,7.4,P. Fuentes,7.3,D. Piraino,9.1,20.00
prop-015,Measuring the True Occurrence Rate of Jets in TDEs via Late-Time MeerKAT Observations,Canada,"{""pi"": {""pi_fullname"": ""Bailey David"", ""pi_country"": ""Canada""}, ""tech_lead"": {""tech_lead_fullname"": ""Kara Trujillo"", ""tech_lead_country"": ""China""}, ""co_pis"": [{""co_pi_fullname"": ""Willie Harvey"", ""co_pi_country"": ""Canada"", ""is_student"": false}, {""co_pi_fullname"": ""Tamsin Pugh"", ""co_pi_country"": ""Canada"", ""is_student"": false}, {""co_pi_fullname"": ""Amanda Bush"", ""co_pi_country"": ""Canada"", ""is_student"": false}, {""co_pi_fullname"": ""Pedro Parsons"", ""co_pi_country"": ""Canada"", ""is_student"": false}, {""co_pi_fullname"": ""Mike Matthews"", ""co_pi_country"": ""Canada"", ""is_student"": false}, {""co_pi_fullname"": ""Imran Rubio"", ""co_pi_country"": ""Canada"", ""is_student"": false}, {""co_pi_fullname"": ""Jennie Newton"", ""co_pi_country"": ""Canada"", ""is_student"": false}]}",S-Band,12.00,K. Angioli,4.7,N. Katou,7.9,D. Piraino,5,12.00
prop-016,Observation of galaxies discovered in the Pilot FAST Ultra Deep Survey,China,"{""pi"": {""pi_fullname"": ""Kabir Charles"", ""pi_country"": ""China""}, ""tech_lead"": {""tech_lead_fullname"": ""Maia Mccoy"", ""tech_lead_country"": ""Sweden""}, ""co_pis"": [{""co_pi_fullname"": ""Maariyah Harding"", ""co_pi_country"": ""China"", ""is_student"": false}, {""co_pi_fullname"": ""Ellen Abbott"", ""co_pi_country"": ""China"", ""is_student"": false}, {""co_pi_fullname"": ""Alice Conner"", ""co_pi_country"": ""China"", ""is_student"": false}, {""co_pi_fullname"": ""Isra Rhodes"", ""co_pi_country"": ""China"", ""is_student"": false}]}",UHF,25.00,K. Angioli,6.3,P. Roosevelt,6.2,A. Li,6.4,25.00
prop-017,Understanding the unusual radio behaviour of the hot magnetic star CU Vir,Switzerland,"{""pi"": {""pi_fullname"": ""Zakir Strong"", ""pi_country"": ""Switzerland""}, ""tech_lead"": {""tech_lead_fullname"": ""Abdulrahman Blanchard"", ""tech_lead_country"": ""Sweden""}, ""co_pis"": [{""co_pi_fullname"": ""Stuart Farrell"", ""co_pi_country"": ""Switzerland"", ""is_student"": false}, {""co_pi_fullname"": ""Connie Gallagher"", ""co_pi_country"": ""Switzerland"", ""is_student"": false}, {""co_pi_fullname"": ""Harri Carlson"", ""co_pi_country"": ""Switzerland"", ""is_student"": false}, {""co_pi_fullname"": ""Susie Watkins"", ""co_pi_country"": ""Switzerland"", ""is_student"": false}]}",UHF,8.75,C. Maas,7.5,K. Angioli,6.1,N. Katou,9.2,8.75
prop-018,HI observations of ultra diffuse galaxies (UDGs) in galaxy groups,South Africa,"{""pi"": {""pi_fullname"": ""Abel Contreras"", ""pi_country"": ""South Africa""}, ""tech_lead"": {""tech_lead_fullname"": ""Agnes Lambert"", ""tech_lead_country"": ""Netherlands""}, ""co_pis"": [{""co_pi_fullname"": ""Clementine Golden"", ""co_pi_country"": ""South Africa"", ""is_student"": false}, {""co_pi_fullname"": ""Lochlan Mack"", ""co_pi_country"": ""South Africa"", ""is_student"": false}]}",S-Band,15.00,N. Katou,8.2,A. Li,4.8,P. Roosevelt,9.3,13.50
prop-019,Constraining quenching scenarios in Recently Quenched Elliptical (RQE) galaxies via HI study,India,"{""pi"": {""pi_fullname"": ""Maisy Dejesus"", ""pi_country"": ""India""}, ""tech_lead"": {""tech_lead_fullname"": ""Keane Randall"", ""tech_lead_country"": ""Ghana""}, ""co_pis"": [{""co_pi_fullname"": ""Kylie Logan"", ""co_pi_country"": ""India"", ""is_student"": false}]}",X-Band,30.00,C. Maas,5.8,K. Angioli,5.8,A. Li,7.3,30.00
prop-020,A Study of an Unexplored Population of ``Fast'' Radio Supernovae,Spain,"{""pi"": {""pi_fullname"": ""Isra Rhodes"", ""pi_country"": ""Spain""}, ""tech_lead"": {""tech_lead_fullname"": ""Kylie Logan"", ""tech_lead_country"": ""Germany""}, ""co_pis"": []}",UHF,30.00,N. Katou,9.6,D. Piraino,6.1,A. Li,7.4,30.00
prop-021,Unravelling new magnetic fields in the large scale structure of the Universe: the case of the galaxy cluster A3718,Netherlands,"{""pi"": {""pi_fullname"": ""Janice Mcgowan"", ""pi_country"": ""Netherlands""}, ""tech_lead"": {""tech_lead_fullname"": ""Gwen Stuart"", ""tech_lead_country"": ""Italy""}, ""co_pis"": [{""co_pi_fullname"": ""Eddie O'Connor"", ""co_pi_country"": ""Netherlands"", ""is_student"": false}, {""co_pi_fullname"": ""Keane Randall"", ""co_pi_country"": ""Netherlands"", ""is_student"": false}, {""co_pi_fullname"": ""Keane Randall"", ""co_pi_country"": ""Netherlands"", ""is_student"": false}, {""co_pi_fullname"": ""Asa Chen"", ""co_pi_country"": ""Netherlands"", ""is_student"": false}, {""co_pi_fullname"": ""Effie Fitzpatrick"", ""co_pi_country"": ""Netherlands"", ""is_student"": false}, {""co_pi_fullname"": ""Wayne Palmer"", ""co_pi_country"": ""Netherlands"", ""is_student"": false}]}",UHF,25.00,D. Piraino,9.5,N. Katou,5.7,P. Fuentes,8.1,25.00
prop-022,Searching for fast outflows of cold gas at intermediate redshifts,Sweden,"{""pi"": {""pi_fullname"": ""Mollie Campbell"", ""pi_country"": ""Sweden""}, ""tech_lead"": {""tech_lead_fullname"": ""Kieran Crane"", ""tech_lead_country"": ""France""}, ""co_pis"": [{""co_pi_fullname"": ""Zaki Harrington"", ""co_pi_country"": ""Sweden"", ""is_student"": false}, {""co_pi_fullname"": ""Ben Stone"", ""co_pi_country"": ""Sweden"", ""is_student"": false}, {""co_pi_fullname"": ""Tamsin Pugh"", ""co_pi_country"": ""Sweden"", ""is_student"": false}, {""co_pi_fullname"": ""Priya Cannon"", ""co_pi_country"": ""Sweden"", ""is_student"": false}, {""co_pi_fullname"": ""Zaki Harrington"", ""co_pi_country"": ""Sweden"", ""is_student"": false}, {""co_pi_fullname"": ""Cian Santana"", ""co_pi_country"": ""Sweden"", ""is_student"": false}, {""co_pi_fullname"": ""Eugene Brock"", ""co_pi_country"": ""Sweden"", ""is_student"": false}]}",X-Band,12.00,K. Angioli,4.6,P. Roosevelt,5.4,C. Maas,6,12.00
prop-023,Testing Standard Cosmology with Giant Radio Galaxies in the Distant Universe,South Africa,"{""pi"": {""pi_fullname"": ""Ridwan Torres"", ""pi_country"": ""South Africa""}, ""tech_lead"": {""tech_lead_fullname"": ""Arron Simpson"", ""tech_lead_country"": ""Spain""}, ""co_pis"": []}",X-Band,18.00,C. Maas,6,K. Angioli,7.9,A. Li,8.7,18.00
prop-024,GRBs: The Reverse Shock Renaissance,France,"{""pi"": {""pi_fullname"": ""Marshall Lester"", ""pi_country"": ""France""}, ""tech_lead"": {""tech_lead_fullname"": ""Laurence Reid"", ""tech_lead_country"": ""Italy""}, ""co_pis"": [{""co_pi_fullname"": ""Kabir Charles"", ""co_pi_country"": ""France"", ""is_student"": false}, {""co_pi_fullname"": ""Martina Bloggs"", ""co_pi_country"": ""France"", ""is_student"": false}]}",S-Band,10.00,N. Katou,8.6,P. Fuentes,6.3,P. Roosevelt,8,9.00
prop-025,MeerKAT observations of the magnetized cosmic web,Portugal,"{""pi"": {""pi_fullname"": ""Sebastian Knapp"", ""pi_country"": ""Portugal""}, ""tech_lead"": {""tech_lead_fullname"": ""Harvey Richards"", ""tech_lead_country"": ""China""}, ""co_pis"": [{""co_pi_fullname"": ""Abraham Beasley"", ""co_pi_country"": ""Portugal"", ""is_student"": false}, {""co_pi_fullname"": ""Tasneem Blake"", ""co_pi_country"": ""Portugal"", ""is_student"": false}, {""co_pi_fullname"": ""Jakob Elliott"", ""co_pi_country"": ""Portugal"", ""is_student"": false}]}",L-Band,74.25,P. Roosevelt,6.2,D. Piraino,7.8,K. Angioli,7.3,55.75
prop-026,Star formation and the ISM in Nearby Galaxies with MeerKAT,Netherlands,"{""pi"": {""pi_fullname"": ""Janice Mcgowan"", ""pi_country"": ""Netherlands""}, ""tech_lead"": {""tech_lead_fullname"": ""Omari Winters"", ""tech_lead_country"": ""Italy""}, ""co_pis"": []}",L-Band,50.00,P. Norton,7.1,D. Piraino,8.3,A. Li,9.8,37.50
prop-027,Using MeerKAT UHF to Bridge the Gap in Abell 2443,India,"{""pi"": {""pi_fullname"": ""Maisy Dejesus"", ""pi_country"": ""India""}, ""tech_lead"": {""tech_lead_fullname"": ""Mariyah Humphrey"", ""tech_lead_country"": ""France""}, ""co_pis"": [{""co_pi_fullname"": ""Nicolas Rice"", ""co_pi_country"": ""India"", ""is_student"": false}, {""co_pi_fullname"": ""Honey Campos"", ""co_pi_country"": ""India"", ""is_student"": false}, {""co_pi_fullname"": ""Bertha Lopez"", ""co_pi_country"": ""India"", ""is_student"": false}, {""co_pi_fullname"": ""Zoe Sweeney"", ""co_pi_country"": ""India"", ""is_student"": false}, {""co_pi_fullname"": ""Duncan Holder"", ""co_pi_country"": ""India"", ""is_student"": false}, {""co_pi_fullname"": ""Abel Contreras"", ""co_pi_country"": ""India"", ""is_student"": false}, {""co_pi_fullname"": ""Rex Harmon"", ""co_pi_country"": ""India"", ""is_student"": false}]}",L-Band,8.00,N. Katou,9.7,P. Fuentes,8.1,A. Li,8.2,8.00
prop-028,Disentangling the History of Particle Acceleration In Ultra Steep Spectrum Relic Clusters Abell 2443 and CIZA J0719.5+0043,China,"{""pi"": {""pi_fullname"": ""Kara Trujillo"", ""pi_country"": ""China""}, ""tech_lead"": {""tech_lead_fullname"": ""Stuart Farrell"", ""tech_lead_country"": ""Australia""}, ""co_pis"": [{""co_pi_fullname"": ""Alec Dotson"", ""co_pi_country"": ""China"", ""is_student"": false}, {""co_pi_fullname"": ""Howard Koch"", ""co_pi_country"": ""China"", ""is_student"": false}, {""co_pi_fullname"": ""Tilly Yoder"", ""co_pi_country"": ""China"", ""is_student"": false}, {""co_pi_fullname"": ""Bailey David"", ""co_pi_country"": ""China"", ""is_student"": false}]}",S-Band,17.00,P. Roosevelt,9.8,C. Maas,5.9,P. Fuentes,8,13.50
prop-029,What is the origin of the kpc-scale radio emission in radio-quiet active galactic nuclei,Canada,"{""pi"": {""pi_fullname"": ""Alys Wright"", ""pi_country"": ""Canada""}, ""tech_lead"": {""tech_lead_fullname"": ""Vinny Powers"", ""tech_lead_country"": ""Portugal""}, ""co_pis"": [{""co_pi_fullname"": ""Kara Trujillo"", ""co_pi_country"": ""Canada"", ""is_student"": false}, {""co_pi_fullname"": ""Sebastien Singleton"", ""co_pi_country"": ""Canada"", ""is_student"": false}]}",L-Band,9.00,K. Angioli,6.4,N. Katou,6.8,C. Maas,7.7,9.00
prop-030,Observing HI in the Reionization Epoch Analog Galaxy Haro11,Italy,"{""pi"": {""pi_fullname"": ""Dawid Fleming"", ""pi_country"": ""Italy""}, ""tech_lead"": {""tech_lead_fullname"": ""Marshall Lester"", ""tech_lead_country"": ""France""}, ""co_pis"": [{""co_pi_fullname"": ""Agnes Lambert"", ""co_pi_country"": ""Italy"", ""is_student"": false}, {""co_pi_fullname"": ""Honey Campos"", ""co_pi_country"": ""Italy"", ""is_student"": false}, {""co_pi_fullname"": ""Keane Randall"", ""co_pi_country"": ""Italy"", ""is_student"": false}, {""co_pi_fullname"": ""Abel Contreras"", ""co_pi_country"": ""Italy"", ""is_student"": false}, {""co_pi_fullname"": ""Marshall Lester"", ""co_pi_country"": ""Italy"", ""is_student"": false}, {""co_pi_fullname"": ""Rex Harmon"", ""co_pi_country"": ""Italy"", ""is_student"": false}]}",X-Band,11.00,P. Roosevelt,5.6,A. Li,6.3,K. Angioli,9.3,11.00
prop-031,Imaging the Disk and Outflow of the Starburst Galaxy NGC 253 with High-Resolution HI,Spain,"{""pi"": {""pi_fullname"": ""Silas Stein"", ""pi_country"": ""Spain""}, ""tech_lead"": {""tech_lead_fullname"": ""Mollie Campbell"", ""tech_lead_country"": ""Sweden""}, ""co_pis"": [{""co_pi_fullname"": ""Jennie Newton"", ""co_pi_country"": ""Spain"", ""is_student"": false}, {""co_pi_fullname"": ""Ellen Abbott"", ""co_pi_country"": ""Spain"", ""is_student"": false}, {""co_pi_fullname"": ""Asa Chen"", ""co_pi_country"": ""Spain"", ""is_student"": false}, {""co_pi_fullname"": ""Dawson Warren"", ""co_pi_country"": ""Spain"", ""is_student"": false}]}",UHF,45.00,K. Angioli,9.4,P. Fuentes,4.8,P. Roosevelt,4.7,33.75
prop-032,An HI perspective on galaxy evolution in Abell 2626 and its surroundings,France,"{""pi"": {""pi_fullname"": ""Kieran Crane"", ""pi_country"": ""France""}, ""tech_lead"": {""tech_lead_fullname"": ""Ayah Escobar"", ""tech_lead_country"": ""France""}, ""co_pis"": [{""co_pi_fullname"": ""Sebastien Singleton"", ""co_pi_country"": ""France"", ""is_student"": false}, {""co_pi_fullname"": ""Ida Mullins"", ""co_pi_country"": ""France"", ""is_student"": false}, {""co_pi_fullname"": ""Martina Bloggs"", ""co_pi_country"": ""France"", ""is_student"": false}, {""co_pi_fullname"": ""Jennie Newton"", ""co_pi_country"": ""France"", ""is_student"": false}]}",X-Band,48.00,N. Katou,9.3,P. Roosevelt,9.4,A. Li,6.9,48.00
prop-033,"The connection between star formation, gas properties and magnetic field in nearby galaxies at high spatial resolution",Germany,"{""pi"": {""pi_fullname"": ""Herbert Padilla"", ""pi_country"": ""Germany""}, ""tech_lead"": {""tech_lead_fullname"": ""Alice Conner"", ""tech_lead_country"": ""Netherlands""}, ""co_pis"": [{""co_pi_fullname"": ""Harvey Richards"", ""co_pi_country"": ""Germany"", ""is_student"": false}, {""co_pi_fullname"": ""Pedro Parsons"", ""co_pi_country"": ""Germany"", ""is_student"": false}, {""co_pi_fullname"": ""Aysha Whitaker"", ""co_pi_country"": ""Germany"", ""is_student"": false}, {""co_pi_fullname"": ""Isra Rhodes"", ""co_pi_country"": ""Germany"", ""is_student"": false}, {""co_pi_fullname"": ""Keane Randall"", ""co_pi_country"": ""Germany"", ""is_student"": false}, {""co_pi_fullname"": ""Dawson Warren"", ""co_pi_country"": ""Germany"", ""is_student"": false}]}",UHF,49.00,K. Angioli,8.8,D. Piraino,7.3,C. Maas,5.4,39.25
prop-034,Antlia Cluster in HIgh def: A study of early galaxy cluster assembly,France,"{""pi"": {""pi_fullname"": ""Alec Dotson"", ""pi_country"": ""France""}, ""tech_lead"": {""tech_lead_fullname"": ""Clementine Golden"", ""tech_lead_country"": ""Switzerland""}, ""co_pis"": [{""co_pi_fullname"": ""Tabitha Lamb"", ""co_pi_country"": ""France"", ""is_student"": false}, {""co_pi_fullname"": ""Abel Contreras"", ""co_pi_country"": ""France"", ""is_student"": false}]}",X-Band,49.00,N. Katou,6.7,P. Fuentes,7.2,P. Norton,5.6,37.00
prop-035,MERGHERS: evolution of cluster scale radio sources through cosmic time,India,"{""pi"": {""pi_fullname"": ""Ben Stone"", ""pi_country"": ""India""}, ""tech_lead"": {""tech_lead_fullname"": ""Mollie Campbell"", ""tech_lead_country"": ""Sweden""}, ""co_pis"": []}",X-Band,99.50,N. Katou,5.4,C. Maas,6.5,P. Roosevelt,7.6,99.50
prop-036,The highest-redshift galaxies in the G4Jy Sample,France,"{""pi"": {""pi_fullname"": ""Alec Dotson"", ""pi_country"": ""France""}, ""tech_lead"": {""tech_lead_fullname"": ""Ashwin Barker"", ""tech_lead_country"": ""Portugal""}, ""co_pis"": [{""co_pi_fullname"": ""Jakob Elliott"", ""co_pi_country"": ""France"", ""is_student"": false}, {""co_pi_fullname"": ""Herbie Lin"", ""co_pi_country"": ""France"", ""is_student"": false}, {""co_pi_fullname"": ""Daniyal Gonzales"", ""co_pi_country"": ""France"", ""is_student"": false}, {""co_pi_fullname"": ""Honey Campos"", ""co_pi_country"": ""France"", ""is_student"": false}, {""co_pi_fullname"": ""Blaine Hansen"", ""co_pi_country"": ""France"", ""is_student"": false}, {""co_pi_fullname"": ""Cian Santana"", ""co_pi_country"": ""France"", ""is_student"": false}, {""co_pi_fullname"": ""Fatimah Cruz"", ""co_pi_country"": ""France"", ""is_student"": false}]}",X-Band,13.00,D. Piraino,9.1,K. Angioli,8.6,P. Roosevelt,8.2,13.00
prop-037,Exo-space Weather on Late-type Stars: Impacts on Habitability of Exo-planets,Switzerland,"{""pi"": {""pi_fullname"": ""Clementine Golden"", ""pi_country"": ""Switzerland""}, ""tech_lead"": {""tech_lead_fullname"": ""Bailey David"", ""tech_lead_country"": ""Canada""}, ""co_pis"": [{""co_pi_fullname"": ""Herbert Padilla"", ""co_pi_country"": ""Switzerland"", ""is_student"": false}]}",UHF,12.00,D. Piraino,6.4,N. Katou,5.8,P. Roosevelt,8.3,12.00
prop-038,Looking for Low Column Density HI with MeerKAT & FAST: NGC 3521,Australia,"{""pi"": {""pi_fullname"": ""Seth Curtis"", ""pi_country"": ""Australia""}, ""tech_lead"": {""tech_lead_fullname"": ""Jennie Newton"", ""tech_lead_country"": ""Canada""}, ""co_pis"": [{""co_pi_fullname"": ""Elaine Jimenez"", ""co_pi_country"": ""Australia"", ""is_student"": false}, {""co_pi_fullname"": ""Kieran Crane"", ""co_pi_country"": ""Australia"", ""is_student"": false}]}",UHF,12.00,P. Fuentes,5.5,P. Roosevelt,5.1,P. Norton,5.1,9.00
prop-039,MeerKAT spins the Cosmic Web: Mapping a local nexus of galaxy filaments,South Africa,"{""pi"": {""pi_fullname"": ""Adelaide Villarreal"", ""pi_country"": ""South Africa""}, ""tech_lead"": {""tech_lead_fullname"": ""Tasneem Blake"", ""tech_lead_country"": ""Germany""}, ""co_pis"": [{""co_pi_fullname"": ""Olivia Moreno"", ""co_pi_country"": ""South Africa"", ""is_student"": false}, {""co_pi_fullname"": ""Bertha Lopez"", ""co_pi_country"": ""South Africa"", ""is_student"": false}, {""co_pi_fullname"": ""Alice Conner"", ""co_pi_country"": ""South Africa"", ""is_student"": false}, {""co_pi_fullname"": ""Isra Rhodes"", ""co_pi_country"": ""South Africa"", ""is_student"": false}]}",UHF,50.00,K. Angioli,7.2,P. Fuentes,8.3,N. Katou,7.2,45.00
prop-040,Radio study of X-ray emitting stars with MeerKAT,India,"{""pi"": {""pi_fullname"": ""Maisy Dejesus"", ""pi_country"": ""India""}, ""tech_lead"": {""tech_lead_fullname"": ""Eddie O'Connor"", ""tech_lead_country"": ""Australia""}, ""co_pis"": [{""co_pi_fullname"": ""Eddie O'Connor"", ""co_pi_country"": ""India"", ""is_student"": false}, {""co_pi_fullname"": ""Sebastien Singleton"", ""co_pi_country"": ""India"", ""is_student"": false}, {""co_pi_fullname"": ""Silas Stein"", ""co_pi_country"": ""India"", ""is_student"": false}, {""co_pi_fullname"": ""Maximillian Walker"", ""co_pi_country"": ""India"", ""is_student"": false}, {""co_pi_fullname"": ""Kieran Crane"", ""co_pi_country"": ""India"", ""is_student"": false}, {""co_pi_fullname"": ""Effie Fitzpatrick"", ""co_pi_country"": ""India"", ""is_student"": false}]}",X-Band,44.50,P. Roosevelt,9.1,N. Katou,6.3,A. Li,6.2,44.50
prop-041,"A Complete Picture of Gas, Dust, and Stars in Six of the Best-Studied MeerKAT-Visible Galaxies",Portugal,"{""pi"": {""pi_fullname"": ""Sebastian Knapp"", ""pi_country"": ""Portugal""}, ""tech_lead"": {""tech_lead_fullname"": ""Christine Joyce"", ""tech_lead_country"": ""Netherlands""}, ""co_pis"": [{""co_pi_fullname"": ""Andrew Kane"", ""co_pi_country"": ""Portugal"", ""is_student"": false}, {""co_pi_fullname"": ""Maia Mccoy"", ""co_pi_country"": ""Portugal"", ""is_student"": false}, {""co_pi_fullname"": ""Brandon Vance"", ""co_pi_country"": ""Portugal"", ""is_student"": false}]}",S-Band,48.00,N. Katou,4.6,P. Roosevelt,9.9,P. Norton,9.5,48.00
prop-042,Observations of Dwarf Galaxies with Very Extended HI Disks,Sweden,"{""pi"": {""pi_fullname"": ""Connie Gallagher"", ""pi_country"": ""Sweden""}, ""tech_lead"": {""tech_lead_fullname"": ""Herbie Lin"", ""tech_lead_country"": ""Spain""}, ""co_pis"": [{""co_pi_fullname"": ""Laurence Reid"", ""co_pi_country"": ""Sweden"", ""is_student"": false}, {""co_pi_fullname"": ""Nicolas Rice"", ""co_pi_country"": ""Sweden"", ""is_student"": false}, {""co_pi_fullname"": ""Mikey Saunders"", ""co_pi_country"": ""Sweden"", ""is_student"": false}, {""co_pi_fullname"": ""Seth Curtis"", ""co_pi_country"": ""Sweden"", ""is_student"": false}, {""co_pi_fullname"": ""Eugene Brock"", ""co_pi_country"": ""Sweden"", ""is_student"": false}]}",X-Band,36.00,K. Angioli,9.5,P. Norton,5.9,C. Maas,9.8,36.00
prop-043,TailSpin: MeerKAT observations of a diffuse cluster source in ATLBS fields,Portugal,"{""pi"": {""pi_fullname"": ""Ashwin Barker"", ""pi_country"": ""Portugal""}, ""tech_lead"": {""tech_lead_fullname"": ""Effie Fitzpatrick"", ""tech_lead_country"": ""Portugal""}, ""co_pis"": [{""co_pi_fullname"": ""Daniyal Gonzales"", ""co_pi_country"": ""Portugal"", ""is_student"": false}, {""co_pi_fullname"": ""Brandon Vance"", ""co_pi_country"": ""Portugal"", ""is_student"": false}, {""co_pi_fullname"": ""Connie Gallagher"", ""co_pi_country"": ""Portugal"", ""is_student"": false}, {""co_pi_fullname"": ""Imran Rubio"", ""co_pi_country"": ""Portugal"", ""is_student"": false}]}",S-Band,2.75,P. Fuentes,8.5,D. Piraino,9.1,C. Maas,5.6,2.00
prop-044,Probing Gamma-Ray Burst Physics with MeerKAT,Sweden,"{""pi"": {""pi_fullname"": ""Abdulrahman Blanchard"", ""pi_country"": ""Sweden""}, ""tech_lead"": {""tech_lead_fullname"": ""Cian Santana"", ""tech_lead_country"": ""Portugal""}, ""co_pis"": [{""co_pi_fullname"": ""Lochlan Mack"", ""co_pi_country"": ""Sweden"", ""is_student"": false}, {""co_pi_fullname"": ""Blaine Hansen"", ""co_pi_country"": ""Sweden"", ""is_student"": false}, {""co_pi_fullname"": ""Alice Conner"", ""co_pi_country"": ""Sweden"", ""is_student"": false}, {""co_pi_fullname"": ""Harri Carlson"", ""co_pi_country"": ""Sweden"", ""is_student"": false}, {""co_pi_fullname"": ""Nana Shepard"", ""co_pi_country"": ""Sweden"", ""is_student"": false}, {""co_pi_fullname"": ""Marshall Lester"", ""co_pi_country"": ""Sweden"", ""is_student"": false}, {""co_pi_fullname"": ""Clementine Golden"", ""co_pi_country"": ""Sweden"", ""is_student"": false}]}",S-Band,42.00,D. Piraino,9.4,A. Li,6.1,C. Maas,6.2,42.00
prop-045,A HI absorption search towards the brightest G4Jy sources,Portugal,"{""pi"": {""pi_fullname"": ""Sebastian Knapp"", ""pi_country"": ""Portugal""}, ""tech_lead"": {""tech_lead_fullname"": ""Hasan Phillips"", ""tech_lead_country"": ""Netherlands""}, ""co_pis"": [{""co_pi_fullname"": ""Tamsin Pugh"", ""co_pi_country"": ""Portugal"", ""is_student"": false}, {""co_pi_fullname"": ""Harri Carlson"", ""co_pi_country"": ""Portugal"", ""is_student"": false}]}",X-Band,50.00,P. Norton,5.1,N. Katou,6.3,P. Fuentes,6.9,50.00
prop-046,Searching for Auroral Emission in Exoplanetary Systems,Ghana,"{""pi"": {""pi_fullname"": ""Keane Randall"", ""pi_country"": ""Ghana""}, ""tech_lead"": {""tech_lead_fullname"": ""Eddie O'Connor"", ""tech_lead_country"": ""Australia""}, ""co_pis"": [{""co_pi_fullname"": ""Tilly Yoder"", ""co_pi_country"": ""Ghana"", ""is_student"": false}, {""co_pi_fullname"": ""Alice Conner"", ""co_pi_country"": ""Ghana"", ""is_student"": false}, {""co_pi_fullname"": ""Connie Gallagher"", ""co_pi_country"": ""Ghana"", ""is_student"": false}, {""co_pi_fullname"": ""Jakob Elliott"", ""co_pi_country"": ""Ghana"", ""is_student"": false}, {""co_pi_fullname"": ""Priya Cannon"", ""co_pi_country"": ""Ghana"", ""is_student"": false}]}",S-Band,55.00,C. Maas,8.3,A. Li,8,D. Piraino,9.1,41.25
prop-047,Mapping tidal interactions in nearby galaxy groups,Switzerland,"{""pi"": {""pi_fullname"": ""Susie Watkins"", ""pi_country"": ""Switzerland""}, ""tech_lead"": {""tech_lead_fullname"": ""Zaki Harrington"", ""tech_lead_country"": ""China""}, ""co_pis"": [{""co_pi_fullname"": ""Alys Wright"", ""co_pi_country"": ""Switzerland"", ""is_student"": false}, {""co_pi_fullname"": ""Olivia Moreno"", ""co_pi_country"": ""Switzerland"", ""is_student"": false}]}",UHF,36.00,K. Angioli,6.7,P. Norton,9.4,A. Li,8.8,32.00
prop-048,Stuck in the trap: finding synchrotron pair halos around pulsars,Australia,"{""pi"": {""pi_fullname"": ""Tilly Yoder"", ""pi_country"": ""Australia""}, ""tech_lead"": {""tech_lead_fullname"": ""Ben Stone"", ""tech_lead_country"": ""India""}, ""co_pis"": [{""co_pi_fullname"": ""Janice Mcgowan"", ""co_pi_country"": ""Australia"", ""is_student"": false}, {""co_pi_fullname"": ""Wiktor Church"", ""co_pi_country"": ""Australia"", ""is_student"": false}, {""co_pi_fullname"": ""Daniyal Gonzales"", ""co_pi_country"": ""Australia"", ""is_student"": false}, {""co_pi_fullname"": ""Abel Contreras"", ""co_pi_country"": ""Australia"", ""is_student"": false}, {""co_pi_fullname"": ""Janice Mcgowan"", ""co_pi_country"": ""Australia"", ""is_student"": false}, {""co_pi_fullname"": ""Dawson Warren"", ""co_pi_country"": ""Australia"", ""is_student"": false}]}",X-Band,24.50,A. Li,7.8,N. Katou,7.4,D. Piraino,8.1,24.50
prop-049,MeerChoirs: Effects of Group Environment on Galaxy Evolution,Ghana,"{""pi"": {""pi_fullname"": ""Brandon Vance"", ""pi_country"": ""Ghana""}, ""tech_lead"": {""tech_lead_fullname"": ""Tommy Murray"", ""tech_lead_country"": ""Switzerland""}, ""co_pis"": []}",L-Band,36.00,P. Norton,6,A. Li,9.7,D. Piraino,7.9,36.00
prop-050,Chance discovery of two radio galaxies with previously-unknown extended emission,United Kingdom,"{""pi"": {""pi_fullname"": ""Mikey Saunders"", ""pi_country"": ""United Kingdom""}, ""tech_lead"": {""tech_lead_fullname"": ""Alfie Higgins"", ""tech_lead_country"": ""China""}, ""co_pis"": [{""co_pi_fullname"": ""Seth Curtis"", ""co_pi_country"": ""United Kingdom"", ""is_student"": false}]}",X-Band,9.00,P. Norton,6.9,K. Angioli,5.1,P. Roosevelt,5.1,9.00
prop-051,Using MeerKAT for mapping cosmic shear and searching for cosmic birefringence,India,"{""pi"": {""pi_fullname"": ""Ben Stone"", ""pi_country"": ""India""}, ""tech_lead"": {""tech_lead_fullname"": ""Pedro Parsons"", ""tech_lead_country"": ""Australia""}, ""co_pis"": [{""co_pi_fullname"": ""Cecilia Hutchinson"", ""co_pi_country"": ""India"", ""is_student"": false}, {""co_pi_fullname"": ""Fatimah Cruz"", ""co_pi_country"": ""India"", ""is_student"": false}, {""co_pi_fullname"": ""Wiktor Church"", ""co_pi_country"": ""India"", ""is_student"": false}, {""co_pi_fullname"": ""Clementine Golden"", ""co_pi_country"": ""India"", ""is_student"": false}]}",UHF,11.00,P. Norton,9.1,P. Fuentes,6.7,P. Roosevelt,7.9,11.00
prop-052,Exploring new regimes in particle acceleration physics: the galaxy cluster pair Abell 141,China,"{""pi"": {""pi_fullname"": ""Zaki Harrington"", ""pi_country"": ""China""}, ""tech_lead"": {""tech_lead_fullname"": ""Bailey David"", ""tech_lead_country"": ""Canada""}, ""co_pis"": [{""co_pi_fullname"": ""Silas Stein"", ""co_pi_country"": ""China"", ""is_student"": false}, {""co_pi_fullname"": ""Tabitha Lamb"", ""co_pi_country"": ""China"", ""is_student"": false}, {""co_pi_fullname"": ""Andrew Kane"", ""co_pi_country"": ""China"", ""is_student"": false}, {""co_pi_fullname"": ""Sebastien Singleton"", ""co_pi_country"": ""China"", ""is_student"": false}, {""co_pi_fullname"": ""Emilio Garza"", ""co_pi_country"": ""China"", ""is_student"": false}, {""co_pi_fullname"": ""Gregory Leach"", ""co_pi_country"": ""China"", ""is_student"": false}, {""co_pi_fullname"": ""Wiktor Church"", ""co_pi_country"": ""China"", ""is_student"": false}]}",X-Band,10.00,P. Roosevelt,7,K. Angioli,9.6,P. Norton,7.7,10.00
prop-053,Searching for evidence of galactic winds in Centaurus A,Canada,"{""pi"": {""pi_fullname"": ""Asa Chen"", ""pi_country"": ""Canada""}, ""tech_lead"": {""tech_lead_fullname"": ""Abel Contreras"", ""tech_lead_country"": ""South Africa""}, ""co_pis"": [{""co_pi_fullname"": ""Ben Stone"", ""co_pi_country"": ""Canada"", ""is_student"": false}, {""co_pi_fullname"": ""Alice Conner"", ""co_pi_country"": ""Canada"", ""is_student"": false}, {""co_pi_fullname"": ""Bruce Bullock"", ""co_pi_country"": ""Canada"", ""is_student"": false}]}",X-Band,24.00,P. Roosevelt,9.9,A. Li,6.5,N. Katou,6.7,24.00
prop-054,Exploring the large scale environment and star formation properties of the Spiderweb proto-cluster at z = 2.17 with MeerKAT,Switzerland,"{""pi"": {""pi_fullname"": ""Susie Watkins"", ""pi_country"": ""Switzerland""}, ""tech_lead"": {""tech_lead_fullname"": ""Abdulrahman Blanchard"", ""tech_lead_country"": ""Sweden""}, ""co_pis"": [{""co_pi_fullname"": ""Priya Cannon"", ""co_pi_country"": ""Switzerland"", ""is_student"": false}, {""co_pi_fullname"": ""Cecilia Hutchinson"", ""co_pi_country"": ""Switzerland"", ""is_student"": false}, {""co_pi_fullname"": ""Stuart Farrell"", ""co_pi_country"": ""Switzerland"", ""is_student"": false}, {""co_pi_fullname"": ""Herbert Padilla"", ""co_pi_country"": ""Switzerland"", ""is_student"": false}, {""co_pi_fullname"": ""Janice Mcgowan"", ""co_pi_country"": ""Switzerland"", ""is_student"": false}]}",UHF,24.00,C. Maas,5.3,D. Piraino,7.6,A. Li,5.6,24.00
prop-055,Multi-wavelength Real-time Fast Transients with MeerKAT,China,"{""pi"": {""pi_fullname"": ""Zaki Harrington"", ""pi_country"": ""China""}, ""tech_lead"": {""tech_lead_fullname"": ""Wiktor Church"", ""tech_lead_country"": ""Portugal""}, ""co_pis"": [{""co_pi_fullname"": ""Bailey David"", ""co_pi_country"": ""China"", ""is_student"": false}]}",X-Band,34.00,N. Katou,7.9,A. Li,7.1,P. Fuentes,5.9,27.25
prop-056,MeerKAT - uGMRT Combined Survey of the Saraswati Supercluster: Towards the SKA,Spain,"{""pi"": {""pi_fullname"": ""Silas Stein"", ""pi_country"": ""Spain""}, ""tech_lead"": {""tech_lead_fullname"": ""Asa Chen"", ""tech_lead_country"": ""Canada""}, ""co_pis"": [{""co_pi_fullname"": ""Omari Winters"", ""co_pi_country"": ""Spain"", ""is_student"": false}]}",UHF,82.00,K. Angioli,8.1,A. Li,9.7,N. Katou,9.1,65.50
prop-057,Neutral Hydrogen emission at z = 0.654 in a strongly-lensed quasar,Canada,"{""pi"": {""pi_fullname"": ""Bailey David"", ""pi_country"": ""Canada""}, ""tech_lead"": {""tech_lead_fullname"": ""Cecilia Hutchinson"", ""tech_lead_country"": ""South Africa""}, ""co_pis"": [{""co_pi_fullname"": ""Nicolas Rice"", ""co_pi_country"": ""Canada"", ""is_student"": false}, {""co_pi_fullname"": ""Imran Rubio"", ""co_pi_country"": ""Canada"", ""is_student"": false}, {""co_pi_fullname"": ""Maisy Dejesus"", ""co_pi_country"": ""Canada"", ""is_student"": false}, {""co_pi_fullname"": ""Ayah Escobar"", ""co_pi_country"": ""Canada"", ""is_student"": false}]}",X-Band,10.50,P. Fuentes,7.7,P. Roosevelt,6.3,P. Norton,7.9,10.50
prop-058,An X/S of rare radio morphologies?,Netherlands,"{""pi"": {""pi_fullname"": ""Alice Conner"", ""pi_country"": ""Netherlands""}, ""tech_lead"": {""tech_lead_fullname"": ""Andrew Kane"", ""tech_lead_country"": ""Portugal""}, ""co_pis"": [{""co_pi_fullname"": ""Tabitha Lamb"", ""co_pi_country"": ""Netherlands"", ""is_student"": false}, {""co_pi_fullname"": ""Abraham Beasley"", ""co_pi_country"": ""Netherlands"", ""is_student"": false}, {""co_pi_fullname"": ""Agnes Lambert"", ""co_pi_country"": ""Netherlands"", ""is_student"": false}, {""co_pi_fullname"": ""Tommy Murray"", ""co_pi_country"": ""Netherlands"", ""is_student"": false}]}",S-Band,68.50,C. Maas,9,P. Roosevelt,9.7,K. Angioli,7.6,68.50
prop-059,Ultra faint central region of galaxy NGC 1350,South Africa,"{""pi"": {""pi_fullname"": ""Abraham Beasley"", ""pi_country"": ""South Africa""}, ""tech_lead"": {""tech_lead_fullname"": ""Pedro Parsons"", ""tech_lead_country"": ""Australia""}, ""co_pis"": []}",X-Band,5.00,N. Katou,8.6,A. Li,8.1,C. Maas,6.9,5.00
prop-060,HI study of ultra-diffuse galaxies and galaxy evolution in the central region of Hydra I,Canada,"{""pi"": {""pi_fullname"": ""Bailey David"", ""pi_country"": ""Canada""}, ""tech_lead"": {""tech_lead_fullname"": ""Sebastien Singleton"", ""tech_lead_country"": ""Spain""}, ""co_pis"": [{""co_pi_fullname"": ""Agnes Lambert"", ""co_pi_country"": ""Canada"", ""is_student"": false}, {""co_pi_fullname"": ""Tommy Murray"", ""co_pi_country"": ""Canada"", ""is_student"": false}]}",X-Band,12.00,K. Angioli,4.6,P. Norton,4.7,P. Fuentes,6.5,10.75
prop-061,Low frequency follow-up of giant radio galaxies that shouldn't exist!,Ghana,"{""pi"": {""pi_fullname"": ""Martina Bloggs"", ""pi_country"": ""Ghana""}, ""tech_lead"": {""tech_lead_fullname"": ""Harri Carlson"", ""tech_lead_country"": ""Portugal""}, ""co_pis"": [{""co_pi_fullname"": ""Mollie Campbell"", ""co_pi_country"": ""Ghana"", ""is_student"": false}]}",X-Band,8.00,D. Piraino,9.3,P. Fuentes,5.7,C. Maas,8.5,8.00
prop-062,MeerKAT deep observation of the X-ray filament,Ghana,"{""pi"": {""pi_fullname"": ""Keane Randall"", ""pi_country"": ""Ghana""}, ""tech_lead"": {""tech_lead_fullname"": ""Priya Cannon"", ""tech_lead_country"": ""Australia""}, ""co_pis"": [{""co_pi_fullname"": ""Fatimah Cruz"", ""co_pi_country"": ""Ghana"", ""is_student"": false}, {""co_pi_fullname"": ""Jakob Elliott"", ""co_pi_country"": ""Ghana"", ""is_student"": false}, {""co_pi_fullname"": ""Omari Winters"", ""co_pi_country"": ""Ghana"", ""is_student"": false}, {""co_pi_fullname"": ""Zakir Strong"", ""co_pi_country"": ""Ghana"", ""is_student"": false}, {""co_pi_fullname"": ""Kara Trujillo"", ""co_pi_country"": ""Ghana"", ""is_student"": false}]}",L-Band,16.00,P. Norton,6.2,P. Fuentes,5.8,N. Katou,9,12.75
prop-063,Low-frequency MeerKAT deep observation of the X-ray filament,Australia,"{""pi"": {""pi_fullname"": ""Eddie O'Connor"", ""pi_country"": ""Australia""}, ""tech_lead"": {""tech_lead_fullname"": ""Alec Dotson"", ""tech_lead_country"": ""France""}, ""co_pis"": [{""co_pi_fullname"": ""Susie Watkins"", ""co_pi_country"": ""Australia"", ""is_student"": false}, {""co_pi_fullname"": ""Adelaide Villarreal"", ""co_pi_country"": ""Australia"", ""is_student"": false}, {""co_pi_fullname"": ""Bertha Lopez"", ""co_pi_country"": ""Australia"", ""is_student"": false}, {""co_pi_fullname"": ""Ridwan Torres"", ""co_pi_country"": ""Australia"", ""is_student"": false}, {""co_pi_fullname"": ""Amanda Bush"", ""co_pi_country"": ""Australia"", ""is_student"": false}, {""co_pi_fullname"": ""Tasneem Blake"", ""co_pi_country"": ""Australia"", ""is_student"": false}]}",UHF,12.00,P. Roosevelt,6.8,P. Norton,7.2,N. Katou,7.7,10.00
prop-064,Indirect dark matter detection in dwarf galaxies,Italy,"{""pi"": {""pi_fullname"": ""Nicolas Rice"", ""pi_country"": ""Italy""}, ""tech_lead"": {""tech_lead_fullname"": ""Priya Cannon"", ""tech_lead_country"": ""Australia""}, ""co_pis"": [{""co_pi_fullname"": ""Marshall Lester"", ""co_pi_country"": ""Italy"", ""is_student"": false}, {""co_pi_fullname"": ""Maisy Dejesus"", ""co_pi_country"": ""Italy"", ""is_student"": false}, {""co_pi_fullname"": ""Amanda Bush"", ""co_pi_country"": ""Italy"", ""is_student"": false}]}",X-Band,70.00,K. Angioli,8.3,P. Fuentes,5.4,D. Piraino,7.3,70.00
prop-065,Search for neutral Hi gas at Z~ 0.5 with the MeerKat,Germany,"{""pi"": {""pi_fullname"": ""Eugene Brock"", ""pi_country"": ""Germany""}, ""tech_lead"": {""tech_lead_fullname"": ""Eddie O'Connor"", ""tech_lead_country"": ""Australia""}, ""co_pis"": []}",UHF,19.00,P. Roosevelt,5.4,K. Angioli,5.8,A. Li,5.1,19.00
prop-066,High redshift HI observations and a radio halo in Abell 370,Italy,"{""pi"": {""pi_fullname"": ""Nana Shepard"", ""pi_country"": ""Italy""}, ""tech_lead"": {""tech_lead_fullname"": ""Maia Mccoy"", ""tech_lead_country"": ""Sweden""}, ""co_pis"": [{""co_pi_fullname"": ""Wiktor Church"", ""co_pi_country"": ""Italy"", ""is_student"": false}]}",UHF,12.00,P. Norton,4.8,P. Roosevelt,6.3,C. Maas,8.2,9.50
prop-067,MeerKAT observations of giant low surface brightness galaxies,South Africa,"{""pi"": {""pi_fullname"": ""Aysha Whitaker"", ""pi_country"": ""South Africa""}, ""tech_lead"": {""tech_lead_fullname"": ""Jakob Elliott"", ""tech_lead_country"": ""Spain""}, ""co_pis"": [{""co_pi_fullname"": ""Kabir Charles"", ""co_pi_country"": ""South Africa"", ""is_student"": false}, {""co_pi_fullname"": ""Jakob Elliott"", ""co_pi_country"": ""South Africa"", ""is_student"": false}, {""co_pi_fullname"": ""Alys Wright"", ""co_pi_country"": ""South Africa"", ""is_student"": false}, {""co_pi_fullname"": ""Tabitha Lamb"", ""co_pi_country"": ""South Africa"", ""is_student"": false}, {""co_pi_fullname"": ""Herbie Lin"", ""co_pi_country"": ""South Africa"", ""is_student"": false}]}",X-Band,49.50,D. Piraino,7.1,P. Roosevelt,9.3,P. Norton,6.6,49.50
prop-068,Probing star-planet interaction in the Proxima - Proxima b system with MeerKAT,Switzerland,"{""pi"": {""pi_fullname"": ""Susie Watkins"", ""pi_country"": ""Switzerland""}, ""tech_lead"": {""tech_lead_fullname"": ""Amina Edwards"", ""tech_lead_country"": ""Sweden""}, ""co_pis"": [{""co_pi_fullname"": ""Maisy Dejesus"", ""co_pi_country"": ""Switzerland"", ""is_student"": false}, {""co_pi_fullname"": ""Eugene Brock"", ""co_pi_country"": ""Switzerland"", ""is_student"": false}, {""co_pi_fullname"": ""Arron Simpson"", ""co_pi_country"": ""Switzerland"", ""is_student"": false}, {""co_pi_fullname"": ""Maximillian Walker"", ""co_pi_country"": ""Switzerland"", ""is_student"": false}, {""co_pi_fullname"": ""Agnes Lambert"", ""co_pi_country"": ""Switzerland"", ""is_student"": false}, {""co_pi_fullname"": ""Kylie Logan"", ""co_pi_country"": ""Switzerland"", ""is_student"": false}]}",L-Band,18.00,A. Li,8.6,K. Angioli,6.9,D. Piraino,9.5,16.25
prop-069,CATCHING CLUES OF THE ENERGY TRANSPORT BY JET/WINDSIN THE NORTH TRANSITION REGION OF CENTAURUS A,Spain,"{""pi"": {""pi_fullname"": ""Jakob Elliott"", ""pi_country"": ""Spain""}, ""tech_lead"": {""tech_lead_fullname"": ""Cian Santana"", ""tech_lead_country"": ""Portugal""}, ""co_pis"": [{""co_pi_fullname"": ""Wayne Palmer"", ""co_pi_country"": ""Spain"", ""is_student"": false}, {""co_pi_fullname"": ""Bailey David"", ""co_pi_country"": ""Spain"", ""is_student"": false}, {""co_pi_fullname"": ""Bruce Bullock"", ""co_pi_country"": ""Spain"", ""is_student"": false}, {""co_pi_fullname"": ""Tommy Murray"", ""co_pi_country"": ""Spain"", ""is_student"": false}, {""co_pi_fullname"": ""Susie Watkins"", ""co_pi_country"": ""Spain"", ""is_student"": false}]}",UHF,9.00,P. Fuentes,8.2,D. Piraino,9.9,N. Katou,5.4,9.00
prop-070,Investigating gamma-ray emitting radio galaxies,Italy,"{""pi"": {""pi_fullname"": ""Nicolas Rice"", ""pi_country"": ""Italy""}, ""tech_lead"": {""tech_lead_fullname"": ""Olivia Moreno"", ""tech_lead_country"": ""Germany""}, ""co_pis"": [{""co_pi_fullname"": ""Sebastien Singleton"", ""co_pi_country"": ""Italy"", ""is_student"": false}, {""co_pi_fullname"": ""Nicolas Rice"", ""co_pi_country"": ""Italy"", ""is_student"": false}, {""co_pi_fullname"": ""Zakir Strong"", ""co_pi_country"": ""Italy"", ""is_student"": false}, {""co_pi_fullname"": ""Sebastien Singleton"", ""co_pi_country"": ""Italy"", ""is_student"": false}, {""co_pi_fullname"": ""Hasan Phillips"", ""co_pi_country"": ""Italy"", ""is_student"": false}]}",UHF,4.00,P. Roosevelt,9.4,D. Piraino,5.9,C. Maas,9.1,3.00
prop-071,Investigating the properties of localised Fast Radio Bursts and their host galaxies,Portugal,"{""pi"": {""pi_fullname"": ""Wiktor Church"", ""pi_country"": ""Portugal""}, ""tech_lead"": {""tech_lead_fullname"": ""Adelaide Villarreal"", ""tech_lead_country"": ""South Africa""}, ""co_pis"": [{""co_pi_fullname"": ""Aysha Whitaker"", ""co_pi_country"": ""Portugal"", ""is_student"": false}, {""co_pi_fullname"": ""Jennie Newton"", ""co_pi_country"": ""Portugal"", ""is_student"": false}, {""co_pi_fullname"": ""Kabir Charles"", ""co_pi_country"": ""Portugal"", ""is_student"": false}, {""co_pi_fullname"": ""Omari Winters"", ""co_pi_country"": ""Portugal"", ""is_student"": false}, {""co_pi_fullname"": ""Gwen Stuart"", ""co_pi_country"": ""Portugal"", ""is_student"": false}, {""co_pi_fullname"": ""Elaine Jimenez"", ""co_pi_country"": ""Portugal"", ""is_student"": false}, {""co_pi_fullname"": ""Abraham Beasley"", ""co_pi_country"": ""Portugal"", ""is_student"": false}]}",S-Band,49.00,K. Angioli,6.5,P. Roosevelt,7.7,A. Li,5.5,49.00
prop-072,Early Radio Emission from Tidal Disruption Events,Canada,"{""pi"": {""pi_fullname"": ""Bailey David"", ""pi_country"": ""Canada""}, ""tech_lead"": {""tech_lead_fullname"": ""Priya Cannon"", ""tech_lead_country"": ""Australia""}, ""co_pis"": [{""co_pi_fullname"": ""Laurence Reid"", ""co_pi_country"": ""Canada"", ""is_student"": false}, {""co_pi_fullname"": ""Ridwan Torres"", ""co_pi_country"": ""Canada"", ""is_student"": false}, {""co_pi_fullname"": ""Olivia Moreno"", ""co_pi_country"": ""Canada"", ""is_student"": false}, {""co_pi_fullname"": ""Daniyal Gonzales"", ""co_pi_country"": ""Canada"", ""is_student"": false}, {""co_pi_fullname"": ""Agnes Lambert"", ""co_pi_country"": ""Canada"", ""is_student"": false}]}",S-Band,32.00,P. Roosevelt,7,P. Norton,7.7,N. Katou,5.8,25.50
prop-073,Duty cycle and energetics of the remnant radio galaxy MIDAS J2253-3446,Italy,"{""pi"": {""pi_fullname"": ""Nana Shepard"", ""pi_country"": ""Italy""}, ""tech_lead"": {""tech_lead_fullname"": ""Mike Matthews"", ""tech_lead_country"": ""Canada""}, ""co_pis"": [{""co_pi_fullname"": ""Ashwin Barker"", ""co_pi_country"": ""Italy"", ""is_student"": false}, {""co_pi_fullname"": ""Effie Fitzpatrick"", ""co_pi_country"": ""Italy"", ""is_student"": false}, {""co_pi_fullname"": ""Tilly Yoder"", ""co_pi_country"": ""Italy"", ""is_student"": false}, {""co_pi_fullname"": ""Howard Koch"", ""co_pi_country"": ""Italy"", ""is_student"": false}]}",L-Band,3.50,P. Norton,7.7,P. Fuentes,7.2,N. Katou,9.7,3.00
prop-074,Resolving the mystery of a candidate Dark Galaxy,China,"{""pi"": {""pi_fullname"": ""Alfie Higgins"", ""pi_country"": ""China""}, ""tech_lead"": {""tech_lead_fullname"": ""Stuart Farrell"", ""tech_lead_country"": ""Australia""}, ""co_pis"": [{""co_pi_fullname"": ""Daniyal Gonzales"", ""co_pi_country"": ""China"", ""is_student"": false}, {""co_pi_fullname"": ""Amanda Bush"", ""co_pi_country"": ""China"", ""is_student"": false}, {""co_pi_fullname"": ""Honey Campos"", ""co_pi_country"": ""China"", ""is_student"": false}, {""co_pi_fullname"": ""Elaine Jimenez"", ""co_pi_country"": ""China"", ""is_student"": false}, {""co_pi_fullname"": ""Martina Bloggs"", ""co_pi_country"": ""China"", ""is_student"": false}]}",L-Band,12.00,A. Li,6.1,P. Norton,5.6,P. Fuentes,7.1,9.50
prop-075,Magnetization and kinematics in Circumgalactic Medium: Tidal vs. Gas Accretion,South Africa,"{""pi"": {""pi_fullname"": ""Ridwan Torres"", ""pi_country"": ""South Africa""}, ""tech_lead"": {""tech_lead_fullname"": ""Harri Carlson"", ""tech_lead_country"": ""Portugal""}, ""co_pis"": [{""co_pi_fullname"": ""Jennie Newton"", ""co_pi_country"": ""South Africa"", ""is_student"": false}, {""co_pi_fullname"": ""Effie Fitzpatrick"", ""co_pi_country"": ""South Africa"", ""is_student"": false}]}",X-Band,22.00,D. Piraino,5.1,P. Roosevelt,5.7,K. Angioli,9.2,22.00
prop-076,Formation of Gamma Ray Bursts in interacting galaxies,Canada,"{""pi"": {""pi_fullname"": ""Bailey David"", ""pi_country"": ""Canada""}, ""tech_lead"": {""tech_lead_fullname"": ""Stuart Farrell"", ""tech_lead_country"": ""Australia""}, ""co_pis"": [{""co_pi_fullname"": ""Dawid Fleming"", ""co_pi_country"": ""Canada"", ""is_student"": false}, {""co_pi_fullname"": ""Honey Campos"", ""co_pi_country"": ""Canada"", ""is_student"": false}, {""co_pi_fullname"": ""Ellen Abbott"", ""co_pi_country"": ""Canada"", ""is_student"": false}, {""co_pi_fullname"": ""Sebastien Singleton"", ""co_pi_country"": ""Canada"", ""is_student"": false}]}",UHF,36.00,P. Fuentes,6.5,K. Angioli,7.2,A. Li,7.7,32.00
prop-077,Search for Diffuse Radio Emission in SZ selected Galaxy Clusters in the Southern Hemisphere with the MeerKAT,Portugal,"{""pi"": {""pi_fullname"": ""Ida Mullins"", ""pi_country"": ""Portugal""}, ""tech_lead"": {""tech_lead_fullname"": ""Asa Chen"", ""tech_lead_country"": ""Canada""}, ""co_pis"": [{""co_pi_fullname"": ""Adelaide Villarreal"", ""co_pi_country"": ""Portugal"", ""is_student"": false}, {""co_pi_fullname"": ""Amina Edwards"", ""co_pi_country"": ""Portugal"", ""is_student"": false}]}",X-Band,24.00,C. Maas,5.6,P. Fuentes,8.1,K. Angioli,7.6,21.50
prop-078,Delineate the Fermi bubbles at radio with MeerKAT: a pilot study,France,"{""pi"": {""pi_fullname"": ""Ayah Escobar"", ""pi_country"": ""France""}, ""tech_lead"": {""tech_lead_fullname"": ""Priya Cannon"", ""tech_lead_country"": ""Australia""}, ""co_pis"": [{""co_pi_fullname"": ""Tilly Yoder"", ""co_pi_country"": ""France"", ""is_student"": false}, {""co_pi_fullname"": ""Sebastien Singleton"", ""co_pi_country"": ""France"", ""is_student"": false}, {""co_pi_fullname"": ""Clementine Golden"", ""co_pi_country"": ""France"", ""is_student"": false}, {""co_pi_fullname"": ""Marshall Lester"", ""co_pi_country"": ""France"", ""is_student"": false}, {""co_pi_fullname"": ""Honey Campos"", ""co_pi_country"": ""France"", ""is_student"": false}, {""co_pi_fullname"": ""Martina Bloggs"", ""co_pi_country"": ""France"", ""is_student"": false}]}",X-Band,40.00,P. Fuentes,6.6,P. Norton,6.4,N. Katou,7,40.00
prop-079,Isolated dwarf galaxies dominated by baryons,Ghana,"{""pi"": {""pi_fullname"": ""Brandon Vance"", ""pi_country"": ""Ghana""}, ""tech_lead"": {""tech_lead_fullname"": ""Gregory Leach"", ""tech_lead_country"": ""Germany""}, ""co_pis"": [{""co_pi_fullname"": ""Wayne Palmer"", ""co_pi_country"": ""Ghana"", ""is_student"": false}, {""co_pi_fullname"": ""Vinny Powers"", ""co_pi_country"": ""Ghana"", ""is_student"": false}, {""co_pi_fullname"": ""Eugene Brock"", ""co_pi_country"": ""Ghana"", ""is_student"": false}, {""co_pi_fullname"": ""Agnes Lambert"", ""co_pi_country"": ""Ghana"", ""is_student"": false}, {""co_pi_fullname"": ""Tommy Murray"", ""co_pi_country"": ""Ghana"", ""is_student"": false}, {""co_pi_fullname"": ""Zoe Sweeney"", ""co_pi_country"": ""Ghana"", ""is_student"": false}]}",L-Band,36.00,C. Maas,8.1,P. Roosevelt,5.3,N. Katou,8.1,36.00
prop-080,HI line imaging of NGC 5846 group,Switzerland,"{""pi"": {""pi_fullname"": ""Susie Watkins"", ""pi_country"": ""Switzerland""}, ""tech_lead"": {""tech_lead_fullname"": ""Kylie Logan"", ""tech_lead_country"": ""Germany""}, ""co_pis"": [{""co_pi_fullname"": ""Maximillian Walker"", ""co_pi_country"": ""Switzerland"", ""is_student"": false}, {""co_pi_fullname"": ""Lochlan Mack"", ""co_pi_country"": ""Switzerland"", ""is_student"": false}, {""co_pi_fullname"": ""Keane Randall"", ""co_pi_country"": ""Switzerland"", ""is_student"": false}, {""co_pi_fullname"": ""Alys Wright"", ""co_pi_country"": ""Switzerland"", ""is_student"": false}]}",S-Band,89.00,N. Katou,6.6,D. Piraino,8.7,C. Maas,6.1,71.25
prop-081,To map the Warm Ionized Medium in the Galaxy using MeerKAT and FAST,Sweden,"{""pi"": {""pi_fullname"": ""Blaine Hansen"", ""pi_country"": ""Sweden""}, ""tech_lead"": {""tech_lead_fullname"": ""Cian Santana"", ""tech_lead_country"": ""Portugal""}, ""co_pis"": [{""co_pi_fullname"": ""Mikey Saunders"", ""co_pi_country"": ""Sweden"", ""is_student"": false}]}",S-Band,8.00,P. Fuentes,9,P. Norton,6.5,P. Roosevelt,9.9,7.00
prop-082,A MeerKAT HI-line study of Local Volume dwarf galaxies,South Africa,"{""pi"": {""pi_fullname"": ""Abel Contreras"", ""pi_country"": ""South Africa""}, ""tech_lead"": {""tech_lead_fullname"": ""Tasneem Blake"", ""tech_lead_country"": ""Germany""}, ""co_pis"": [{""co_pi_fullname"": ""Clementine Golden"", ""co_pi_country"": ""South Africa"", ""is_student"": false}, {""co_pi_fullname"": ""Barbara Baird"", ""co_pi_country"": ""South Africa"", ""is_student"": false}, {""co_pi_fullname"": ""Wiktor Church"", ""co_pi_country"": ""South Africa"", ""is_student"": false}, {""co_pi_fullname"": ""Jakob Elliott"", ""co_pi_country"": ""South Africa"", ""is_student"": false}, {""co_pi_fullname"": ""Barbara Baird"", ""co_pi_country"": ""South Africa"", ""is_student"": false}]}",S-Band,39.00,A. Li,6.1,P. Norton,7.9,P. Roosevelt,7.9,39.00
prop-083,A Search for Pulsars Around Sgr A* through Rotation Measure,Germany,"{""pi"": {""pi_fullname"": ""Eugene Brock"", ""pi_country"": ""Germany""}, ""tech_lead"": {""tech_lead_fullname"": ""Priya Cannon"", ""tech_lead_country"": ""Australia""}, ""co_pis"": [{""co_pi_fullname"": ""Tabitha Lamb"", ""co_pi_country"": ""Germany"", ""is_student"": false}]}",L-Band,9.00,K. Angioli,8,P. Fuentes,6.2,P. Roosevelt,5.1,9.00
prop-084,Accelerated evolution in the densest groups of galaxies: MeerKAT imaging of the missing HI,Australia,"{""pi"": {""pi_fullname"": ""Tilly Yoder"", ""pi_country"": ""Australia""}, ""tech_lead"": {""tech_lead_fullname"": ""Mike Matthews"", ""tech_lead_country"": ""Canada""}, ""co_pis"": [{""co_pi_fullname"": ""Stuart Farrell"", ""co_pi_country"": ""Australia"", ""is_student"": false}, {""co_pi_fullname"": ""Cian Santana"", ""co_pi_country"": ""Australia"", ""is_student"": false}]}",S-Band,37.50,C. Maas,4.9,D. Piraino,6.7,P. Roosevelt,7.5,37.50
prop-085,MeerKAT observations of the ridge connecting the galaxy clusters pair A399-A401,United Kingdom,"{""pi"": {""pi_fullname"": ""Fatimah Cruz"", ""pi_country"": ""United Kingdom""}, ""tech_lead"": {""tech_lead_fullname"": ""Maariyah Harding"", ""tech_lead_country"": ""Australia""}, ""co_pis"": [{""co_pi_fullname"": ""Harri Carlson"", ""co_pi_country"": ""United Kingdom"", ""is_student"": false}, {""co_pi_fullname"": ""Dawid Fleming"", ""co_pi_country"": ""United Kingdom"", ""is_student"": false}, {""co_pi_fullname"": ""Honey Campos"", ""co_pi_country"": ""United Kingdom"", ""is_student"": false}, {""co_pi_fullname"": ""Olivia Moreno"", ""co_pi_country"": ""United Kingdom"", ""is_student"": false}, {""co_pi_fullname"": ""Honey Campos"", ""co_pi_country"": ""United Kingdom"", ""is_student"": false}]}",X-Band,52.00,A. Li,6.6,P. Roosevelt,9.7,N. Katou,6.2,41.50
prop-086,A Southern Radio Survey of the Fast Blue Optical Transients,Australia,"{""pi"": {""pi_fullname"": ""Pedro Parsons"", ""pi_country"": ""Australia""}, ""tech_lead"": {""tech_lead_fullname"": ""Janice Mcgowan"", ""tech_lead_country"": ""Netherlands""}, ""co_pis"": [{""co_pi_fullname"": ""Mikey Saunders"", ""co_pi_country"": ""Australia"", ""is_student"": false}, {""co_pi_fullname"": ""Gwen Stuart"", ""co_pi_country"": ""Australia"", ""is_student"": false}, {""co_pi_fullname"": ""Jakob Elliott"", ""co_pi_country"": ""Australia"", ""is_student"": false}]}",X-Band,13.50,N. Katou,8.9,C. Maas,5.8,P. Roosevelt,9.4,13.50
prop-087,HI intensity mapping with MeerKAT: Hunting down the power spectrum,South Africa,"{""pi"": {""pi_fullname"": ""Aysha Whitaker"", ""pi_country"": ""South Africa""}, ""tech_lead"": {""tech_lead_fullname"": ""Bruce Bullock"", ""tech_lead_country"": ""United Kingdom""}, ""co_pis"": [{""co_pi_fullname"": ""Aysha Whitaker"", ""co_pi_country"": ""South Africa"", ""is_student"": false}, {""co_pi_fullname"": ""Howard Koch"", ""co_pi_country"": ""South Africa"", ""is_student"": false}, {""co_pi_fullname"": ""Nicolas Rice"", ""co_pi_country"": ""South Africa"", ""is_student"": false}, {""co_pi_fullname"": ""Tabitha Lamb"", ""co_pi_country"": ""South Africa"", ""is_student"": false}, {""co_pi_fullname"": ""Amanda Bush"", ""co_pi_country"": ""South Africa"", ""is_student"": false}, {""co_pi_fullname"": ""Fatimah Cruz"", ""co_pi_country"": ""South Africa"", ""is_student"": false}]}",L-Band,85.00,N. Katou,5.6,C. Maas,8.9,P. Norton,9.8,68.00